Date,RTY=F
2017-07-10,1408.699951171875
2017-07-11,1413.0999755859375
2017-07-12,1422.5999755859375
2017-07-13,1425.800048828125
2017-07-14,1428.5999755859375
2017-07-17,1430.9000244140625
2017-07-18,1426.800048828125
2017-07-19,1442.199951171875
2017-07-20,1441.9000244140625
2017-07-21,1435.4000244140625
2017-07-24,1436.4000244140625
2017-07-25,1450.0999755859375
2017-07-26,1441.300048828125
2017-07-27,1431.199951171875
2017-07-28,1430.0
2017-07-31,1424.699951171875
2017-08-01,1428.0
2017-08-02,1411.9000244140625
2017-08-03,1405.0
2017-08-04,1411.199951171875
2017-08-07,1413.9000244140625
2017-08-08,1409.4000244140625
2017-08-09,1397.199951171875
2017-08-10,1370.0999755859375
2017-08-11,1372.300048828125
2017-08-14,1393.4000244140625
2017-08-15,1381.699951171875
2017-08-16,1382.5999755859375
2017-08-17,1354.5
2017-08-18,1357.0999755859375
2017-08-21,1355.4000244140625
2017-08-22,1370.800048828125
2017-08-23,1367.199951171875
2017-08-24,1373.4000244140625
2017-08-25,1375.5999755859375
2017-08-28,1381.800048828125
2017-08-29,1382.699951171875
2017-08-30,1390.800048828125
2017-08-31,1405.0
2017-09-01,1411.699951171875
2017-09-05,1401.199951171875
2017-09-06,1401.5999755859375
2017-09-07,1398.5
2017-09-08,1403.5
2017-09-11,1416.5999755859375
2017-09-12,1423.5999755859375
2017-09-13,1427.199951171875
2017-09-14,1427.300048828125
2017-09-15,1427.02001953125
2017-09-18,1442.199951171875
2017-09-19,1441.5999755859375
2017-09-20,1447.0999755859375
2017-09-21,1445.4000244140625
2017-09-22,1450.9000244140625
2017-09-25,1453.699951171875
2017-09-26,1457.9000244140625
2017-09-27,1487.9000244140625
2017-09-28,1492.5999755859375
2017-09-29,1492.9000244140625
2017-10-02,1512.5
2017-10-03,1515.5999755859375
2017-10-04,1511.4000244140625
2017-10-05,1515.5
2017-10-06,1511.5999755859375
2017-10-09,1507.5999755859375
2017-10-10,1510.0
2017-10-11,1507.800048828125
2017-10-12,1507.800048828125
2017-10-13,1506.300048828125
2017-10-16,1505.4000244140625
2017-10-17,1499.4000244140625
2017-10-18,1506.4000244140625
2017-10-19,1502.9000244140625
2017-10-20,1510.300048828125
2017-10-23,1497.699951171875
2017-10-24,1501.4000244140625
2017-10-25,1498.0
2017-10-26,1499.5999755859375
2017-10-27,1508.0
2017-10-30,1493.0999755859375
2017-10-31,1502.699951171875
2017-11-01,1491.9000244140625
2017-11-02,1496.0999755859375
2017-11-03,1494.800048828125
2017-11-06,1497.0
2017-11-07,1477.300048828125
2017-11-08,1482.5
2017-11-09,1477.5
2017-11-10,1474.199951171875
2017-11-13,1473.5999755859375
2017-11-14,1470.5
2017-11-15,1463.800048828125
2017-11-16,1486.0
2017-11-17,1492.9000244140625
2017-11-20,1504.0999755859375
2017-11-21,1518.800048828125
2017-11-22,1516.5999755859375
2017-11-24,1518.5
2017-11-27,1513.300048828125
2017-11-28,1536.300048828125
2017-11-29,1541.199951171875
2017-11-30,1545.4000244140625
2017-12-01,1537.5999755859375
2017-12-04,1531.0999755859375
2017-12-05,1516.4000244140625
2017-12-06,1508.0999755859375
2017-12-07,1520.9000244140625
2017-12-08,1521.0999755859375
2017-12-11,1522.199951171875
2017-12-12,1516.300048828125
2017-12-13,1525.800048828125
2017-12-14,1508.699951171875
2017-12-15,1510.219970703125
2017-12-18,1551.0999755859375
2017-12-19,1538.5
2017-12-20,1539.800048828125
2017-12-21,1550.199951171875
2017-12-22,1543.699951171875
2017-12-26,1547.5
2017-12-27,1545.5
2017-12-28,1549.5999755859375
2017-12-29,1536.5
2018-01-02,1548.800048828125
2018-01-03,1555.5
2018-01-04,1557.0
2018-01-05,1561.9000244140625
2018-01-08,1562.4000244140625
2018-01-09,1560.699951171875
2018-01-10,1561.9000244140625
2018-01-11,1587.9000244140625
2018-01-12,1596.0999755859375
2018-01-16,1577.199951171875
2018-01-17,1589.0
2018-01-18,1575.0
2018-01-19,1599.0
2018-01-22,1607.0
2018-01-23,1613.0999755859375
2018-01-24,1601.0999755859375
2018-01-25,1604.4000244140625
2018-01-26,1609.5999755859375
2018-01-29,1597.800048828125
2018-01-30,1586.800048828125
2018-01-31,1576.0
2018-02-01,1582.5999755859375
2018-02-02,1544.199951171875
2018-02-05,1459.300048828125
2018-02-06,1507.4000244140625
2018-02-07,1497.5999755859375
2018-02-08,1463.800048828125
2018-02-09,1476.699951171875
2018-02-12,1492.300048828125
2018-02-13,1496.199951171875
2018-02-14,1520.699951171875
2018-02-15,1540.9000244140625
2018-02-16,1544.199951171875
2018-02-20,1530.5999755859375
2018-02-21,1528.199951171875
2018-02-22,1536.4000244140625
2018-02-23,1551.199951171875
2018-02-26,1561.699951171875
2018-02-27,1538.300048828125
2018-02-28,1511.199951171875
2018-03-01,1505.4000244140625
2018-03-02,1530.4000244140625
2018-03-05,1543.5999755859375
2018-03-06,1559.0999755859375
2018-03-07,1573.4000244140625
2018-03-08,1573.699951171875
2018-03-09,1597.300048828125
2018-03-12,1601.9000244140625
2018-03-13,1597.699951171875
2018-03-14,1584.800048828125
2018-03-15,1579.0999755859375
2018-03-16,1576.8199462890625
2018-03-19,1577.5999755859375
2018-03-20,1576.699951171875
2018-03-21,1584.0999755859375
2018-03-22,1543.9000244140625
2018-03-23,1518.4000244140625
2018-03-26,1546.0
2018-03-27,1518.699951171875
2018-03-28,1517.4000244140625
2018-03-29,1531.199951171875
2018-04-02,1491.699951171875
2018-04-03,1513.699951171875
2018-04-04,1534.9000244140625
2018-04-05,1543.699951171875
2018-04-06,1515.4000244140625
2018-04-09,1519.5
2018-04-10,1545.5
2018-04-11,1548.5999755859375
2018-04-12,1559.300048828125
2018-04-13,1552.800048828125
2018-04-16,1566.4000244140625
2018-04-17,1584.0999755859375
2018-04-18,1587.800048828125
2018-04-19,1575.0999755859375
2018-04-20,1566.699951171875
2018-04-23,1565.300048828125
2018-04-24,1556.800048828125
2018-04-25,1555.0999755859375
2018-04-26,1564.199951171875
2018-04-27,1558.9000244140625
2018-04-30,1543.800048828125
2018-05-01,1552.9000244140625
2018-05-02,1552.5
2018-05-03,1551.0999755859375
2018-05-04,1566.800048828125
2018-05-07,1581.4000244140625
2018-05-08,1589.5
2018-05-09,1598.4000244140625
2018-05-10,1605.199951171875
2018-05-11,1609.5
2018-05-14,1604.300048828125
2018-05-15,1601.800048828125
2018-05-16,1619.0999755859375
2018-05-17,1626.5999755859375
2018-05-18,1626.9000244140625
2018-05-21,1640.699951171875
2018-05-22,1626.800048828125
2018-05-23,1629.5
2018-05-24,1630.0999755859375
2018-05-25,1625.300048828125
2018-05-29,1625.199951171875
2018-05-30,1649.5999755859375
2018-05-31,1634.199951171875
2018-06-01,1650.199951171875
2018-06-04,1654.5
2018-06-05,1666.0999755859375
2018-06-06,1678.300048828125
2018-06-07,1670.199951171875
2018-06-08,1671.0999755859375
2018-06-11,1676.4000244140625
2018-06-12,1681.4000244140625
2018-06-13,1675.5999755859375
2018-06-14,1686.199951171875
2018-06-15,1677.75
2018-06-18,1699.5999755859375
2018-06-19,1698.800048828125
2018-06-20,1713.4000244140625
2018-06-21,1693.699951171875
2018-06-22,1691.199951171875
2018-06-25,1662.300048828125
2018-06-26,1674.5999755859375
2018-06-27,1644.4000244140625
2018-06-28,1650.699951171875
2018-06-29,1647.5
2018-07-02,1660.0
2018-07-03,1667.300048828125
2018-07-05,1684.0999755859375
2018-07-06,1701.0
2018-07-09,1710.4000244140625
2018-07-10,1700.199951171875
2018-07-11,1686.699951171875
2018-07-12,1692.300048828125
2018-07-13,1691.5999755859375
2018-07-16,1683.199951171875
2018-07-17,1690.199951171875
2018-07-18,1694.199951171875
2018-07-19,1705.5
2018-07-20,1698.9000244140625
2018-07-23,1702.699951171875
2018-07-24,1682.199951171875
2018-07-25,1689.800048828125
2018-07-26,1701.0999755859375
2018-07-27,1661.9000244140625
2018-07-30,1655.0
2018-07-31,1672.4000244140625
2018-08-01,1668.0999755859375
2018-08-02,1684.800048828125
2018-08-03,1675.300048828125
2018-08-06,1686.9000244140625
2018-08-07,1691.5
2018-08-08,1687.0999755859375
2018-08-09,1693.0
2018-08-10,1687.300048828125
2018-08-13,1677.0999755859375
2018-08-14,1696.5999755859375
2018-08-15,1673.800048828125
2018-08-16,1689.199951171875
2018-08-17,1696.9000244140625
2018-08-20,1699.199951171875
2018-08-21,1717.199951171875
2018-08-22,1723.300048828125
2018-08-23,1717.5999755859375
2018-08-24,1726.800048828125
2018-08-27,1731.0999755859375
2018-08-28,1729.5
2018-08-29,1736.5999755859375
2018-08-30,1734.9000244140625
2018-08-31,1740.5999755859375
2018-09-04,1734.5999755859375
2018-09-05,1728.699951171875
2018-09-06,1715.199951171875
2018-09-07,1715.800048828125
2018-09-10,1719.699951171875
2018-09-11,1720.9000244140625
2018-09-12,1716.5999755859375
2018-09-13,1715.0
2018-09-14,1723.699951171875
2018-09-17,1704.300048828125
2018-09-18,1713.0
2018-09-19,1705.0
2018-09-20,1723.5
2018-09-21,1720.3499755859375
2018-09-24,1709.4000244140625
2018-09-25,1714.5
2018-09-26,1695.199951171875
2018-09-27,1696.5
2018-09-28,1700.800048828125
2018-10-01,1678.699951171875
2018-10-02,1660.5
2018-10-03,1678.300048828125
2018-10-04,1650.5999755859375
2018-10-05,1639.4000244140625
2018-10-08,1634.0
2018-10-09,1626.800048828125
2018-10-10,1570.5
2018-10-11,1553.699951171875
2018-10-12,1549.4000244140625
2018-10-15,1550.699951171875
2018-10-16,1600.699951171875
2018-10-17,1594.0999755859375
2018-10-18,1562.199951171875
2018-10-19,1542.699951171875
2018-10-22,1542.199951171875
2018-10-23,1531.199951171875
2018-10-24,1469.800048828125
2018-10-25,1495.0999755859375
2018-10-26,1490.9000244140625
2018-10-29,1480.199951171875
2018-10-30,1512.0
2018-10-31,1511.9000244140625
2018-11-01,1542.0999755859375
2018-11-02,1549.5999755859375
2018-11-05,1549.800048828125
2018-11-06,1559.5
2018-11-07,1584.199951171875
2018-11-08,1582.0999755859375
2018-11-09,1551.699951171875
2018-11-12,1520.4000244140625
2018-11-13,1517.4000244140625
2018-11-14,1499.800048828125
2018-11-15,1527.4000244140625
2018-11-16,1531.5
2018-11-19,1500.4000244140625
2018-11-20,1466.9000244140625
2018-11-21,1487.9000244140625
2018-11-23,1486.0999755859375
2018-11-26,1503.5
2018-11-27,1493.699951171875
2018-11-28,1527.9000244140625
2018-11-29,1527.5
2018-11-30,1534.5999755859375
2018-12-03,1547.800048828125
2018-12-04,1481.9000244140625
2018-12-06,1475.300048828125
2018-12-07,1450.0999755859375
2018-12-10,1447.0999755859375
2018-12-11,1444.199951171875
2018-12-12,1455.5999755859375
2018-12-13,1432.4000244140625
2018-12-14,1412.300048828125
2018-12-17,1386.4000244140625
2018-12-18,1372.300048828125
2018-12-19,1345.5999755859375
2018-12-20,1336.199951171875
2018-12-21,1326.219970703125
2018-12-24,1264.199951171875
2018-12-26,1331.0999755859375
2018-12-27,1333.699951171875
2018-12-28,1340.9000244140625
2018-12-31,1349.0
2019-01-02,1356.199951171875
2019-01-03,1330.4000244140625
2019-01-04,1381.5999755859375
2019-01-07,1405.9000244140625
2019-01-08,1425.9000244140625
2019-01-09,1437.5
2019-01-10,1446.5999755859375
2019-01-11,1447.699951171875
2019-01-14,1433.9000244140625
2019-01-15,1443.199951171875
2019-01-16,1454.199951171875
2019-01-17,1468.300048828125
2019-01-18,1484.300048828125
2019-01-22,1459.800048828125
2019-01-23,1455.4000244140625
2019-01-24,1460.9000244140625
2019-01-25,1482.5999755859375
2019-01-28,1475.0
2019-01-29,1472.5999755859375
2019-01-30,1488.5999755859375
2019-01-31,1500.199951171875
2019-02-01,1503.5
2019-02-04,1517.4000244140625
2019-02-05,1518.4000244140625
2019-02-06,1517.5
2019-02-07,1505.5999755859375
2019-02-08,1508.0999755859375
2019-02-11,1520.0
2019-02-12,1538.5
2019-02-13,1542.199951171875
2019-02-14,1544.5999755859375
2019-02-15,1570.5999755859375
2019-02-19,1575.699951171875
2019-02-20,1583.5999755859375
2019-02-21,1577.5
2019-02-22,1589.9000244140625
2019-02-25,1591.0999755859375
2019-02-26,1576.699951171875
2019-02-27,1582.0999755859375
2019-02-28,1575.5
2019-03-01,1589.5
2019-03-04,1574.4000244140625
2019-03-05,1569.800048828125
2019-03-06,1537.0
2019-03-07,1523.5999755859375
2019-03-08,1525.699951171875
2019-03-11,1548.5
2019-03-12,1548.9000244140625
2019-03-13,1558.4000244140625
2019-03-14,1547.5999755859375
2019-03-15,1551.9000244140625
2019-03-18,1569.9000244140625
2019-03-19,1558.699951171875
2019-03-20,1546.800048828125
2019-03-21,1568.5999755859375
2019-03-22,1511.0999755859375
2019-03-25,1519.5999755859375
2019-03-26,1531.9000244140625
2019-03-27,1526.300048828125
2019-03-28,1540.199951171875
2019-03-29,1543.800048828125
2019-04-01,1559.5999755859375
2019-04-02,1554.4000244140625
2019-04-03,1566.9000244140625
2019-04-04,1571.9000244140625
2019-04-05,1586.0999755859375
2019-04-08,1583.9000244140625
2019-04-09,1564.699951171875
2019-04-10,1585.800048828125
2019-04-11,1581.9000244140625
2019-04-12,1589.199951171875
2019-04-15,1583.699951171875
2019-04-16,1586.800048828125
2019-04-17,1570.5999755859375
2019-04-18,1569.0
2019-04-22,1564.0999755859375
2019-04-23,1589.699951171875
2019-04-24,1590.5999755859375
2019-04-25,1579.0
2019-04-26,1594.0
2019-04-29,1602.199951171875
2019-04-30,1594.199951171875
2019-05-01,1577.5999755859375
2019-05-02,1585.800048828125
2019-05-03,1617.300048828125
2019-05-06,1617.5
2019-05-07,1590.199951171875
2019-05-08,1581.300048828125
2019-05-09,1572.0999755859375
2019-05-10,1578.5999755859375
2019-05-13,1520.0999755859375
2019-05-14,1546.0999755859375
2019-05-15,1551.5
2019-05-16,1559.9000244140625
2019-05-17,1537.5999755859375
2019-05-20,1526.800048828125
2019-05-21,1546.300048828125
2019-05-22,1533.800048828125
2019-05-23,1502.0999755859375
2019-05-24,1517.699951171875
2019-05-28,1505.800048828125
2019-05-29,1488.9000244140625
2019-05-30,1486.4000244140625
2019-05-31,1466.5
2019-06-03,1472.300048828125
2019-06-04,1506.9000244140625
2019-06-05,1505.800048828125
2019-06-06,1502.5
2019-06-07,1512.5999755859375
2019-06-10,1522.5999755859375
2019-06-11,1518.0999755859375
2019-06-12,1521.5999755859375
2019-06-13,1535.699951171875
2019-06-14,1524.699951171875
2019-06-17,1534.0
2019-06-18,1551.199951171875
2019-06-19,1556.199951171875
2019-06-20,1563.4000244140625
2019-06-21,1554.550048828125
2019-06-24,1537.300048828125
2019-06-25,1525.0
2019-06-26,1521.199951171875
2019-06-27,1549.800048828125
2019-06-28,1567.0999755859375
2019-07-01,1573.5999755859375
2019-07-02,1566.300048828125
2019-07-03,1578.0
2019-07-05,1579.4000244140625
2019-07-08,1564.699951171875
2019-07-09,1565.199951171875
2019-07-10,1568.0
2019-07-11,1559.699951171875
2019-07-12,1572.0
2019-07-15,1565.0999755859375
2019-07-16,1565.5
2019-07-17,1551.5999755859375
2019-07-18,1558.0999755859375
2019-07-19,1548.0999755859375
2019-07-22,1548.300048828125
2019-07-23,1557.300048828125
2019-07-24,1584.199951171875
2019-07-25,1563.199951171875
2019-07-26,1581.5
2019-07-29,1571.0999755859375
2019-07-30,1587.4000244140625
2019-07-31,1576.699951171875
2019-08-01,1551.5999755859375
2019-08-02,1535.300048828125
2019-08-05,1479.9000244140625
2019-08-06,1499.4000244140625
2019-08-07,1500.0999755859375
2019-08-08,1534.0999755859375
2019-08-09,1513.699951171875
2019-08-12,1493.0999755859375
2019-08-13,1513.699951171875
2019-08-14,1468.300048828125
2019-08-15,1463.300048828125
2019-08-16,1493.5999755859375
2019-08-19,1507.5999755859375
2019-08-20,1496.4000244140625
2019-08-21,1514.0
2019-08-22,1506.5
2019-08-23,1463.699951171875
2019-08-26,1480.300048828125
2019-08-27,1454.699951171875
2019-08-28,1473.300048828125
2019-08-29,1497.5
2019-08-30,1494.199951171875
2019-09-03,1470.0999755859375
2019-09-04,1483.4000244140625
2019-09-05,1507.0
2019-09-06,1505.0
2019-09-09,1522.0
2019-09-10,1545.0
2019-09-11,1577.0
2019-09-12,1579.199951171875
2019-09-13,1580.800048828125
2019-09-16,1585.0999755859375
2019-09-17,1581.5
2019-09-18,1569.5999755859375
2019-09-19,1561.300048828125
2019-09-20,1562.3800048828125
2019-09-23,1562.0999755859375
2019-09-24,1536.800048828125
2019-09-25,1552.800048828125
2019-09-26,1537.199951171875
2019-09-27,1524.0999755859375
2019-09-30,1525.0
2019-10-01,1493.300048828125
2019-10-02,1476.800048828125
2019-10-03,1486.9000244140625
2019-10-04,1500.5
2019-10-07,1498.9000244140625
2019-10-08,1474.300048828125
2019-10-09,1481.5
2019-10-10,1489.699951171875
2019-10-11,1512.9000244140625
2019-10-14,1506.5999755859375
2019-10-15,1526.4000244140625
2019-10-16,1524.800048828125
2019-10-17,1543.4000244140625
2019-10-18,1537.5999755859375
2019-10-21,1551.5
2019-10-22,1551.699951171875
2019-10-23,1555.5
2019-10-24,1552.4000244140625
2019-10-25,1559.199951171875
2019-10-28,1574.9000244140625
2019-10-29,1578.199951171875
2019-10-30,1574.4000244140625
2019-10-31,1563.4000244140625
2019-11-01,1590.300048828125
2019-11-04,1597.199951171875
2019-11-05,1599.4000244140625
2019-11-06,1592.4000244140625
2019-11-07,1594.9000244140625
2019-11-08,1598.9000244140625
2019-11-11,1596.9000244140625
2019-11-12,1595.699951171875
2019-11-13,1593.0
2019-11-14,1589.0999755859375
2019-11-15,1597.199951171875
2019-11-18,1591.9000244140625
2019-11-19,1598.699951171875
2019-11-20,1593.9000244140625
2019-11-21,1584.800048828125
2019-11-22,1591.0
2019-11-25,1623.199951171875
2019-11-26,1627.699951171875
2019-11-27,1635.0999755859375
2019-11-29,1623.800048828125
2019-12-02,1609.300048828125
2019-12-03,1604.199951171875
2019-12-04,1614.300048828125
2019-12-05,1616.800048828125
2019-12-06,1636.4000244140625
2019-12-09,1630.4000244140625
2019-12-10,1633.5
2019-12-11,1633.9000244140625
2019-12-12,1645.699951171875
2019-12-13,1640.9000244140625
2019-12-16,1652.0999755859375
2019-12-17,1658.0999755859375
2019-12-18,1663.699951171875
2019-12-19,1667.4000244140625
2019-12-20,1672.1199951171875
2019-12-23,1676.800048828125
2019-12-24,1680.0999755859375
2019-12-26,1682.199951171875
2019-12-27,1670.9000244140625
2019-12-30,1668.4000244140625
2019-12-31,1670.5999755859375
2020-01-02,1670.5
2020-01-03,1661.800048828125
2020-01-06,1663.0
2020-01-07,1658.199951171875
2020-01-08,1668.5999755859375
2020-01-09,1667.699951171875
2020-01-10,1659.199951171875
2020-01-13,1670.9000244140625
2020-01-14,1679.5
2020-01-15,1685.5999755859375
2020-01-16,1706.5
2020-01-17,1699.9000244140625
2020-01-21,1685.9000244140625
2020-01-22,1684.800048828125
2020-01-23,1685.5
2020-01-24,1663.4000244140625
2020-01-27,1644.199951171875
2020-01-28,1658.9000244140625
2020-01-29,1649.4000244140625
2020-01-30,1648.9000244140625
2020-01-31,1614.699951171875
2020-02-03,1633.0
2020-02-04,1659.800048828125
2020-02-05,1684.800048828125
2020-02-06,1680.5999755859375
2020-02-07,1658.199951171875
2020-02-10,1669.0
2020-02-11,1678.4000244140625
2020-02-12,1690.0
2020-02-13,1696.4000244140625
2020-02-14,1687.0999755859375
2020-02-18,1683.199951171875
2020-02-19,1693.4000244140625
2020-02-20,1694.4000244140625
2020-02-21,1679.0999755859375
2020-02-24,1624.5999755859375
2020-02-25,1571.9000244140625
2020-02-26,1550.4000244140625
2020-02-27,1485.5999755859375
2020-02-28,1474.9000244140625
2020-03-02,1500.800048828125
2020-03-03,1479.5999755859375
2020-03-04,1522.300048828125
2020-03-05,1476.5999755859375
2020-03-06,1444.5999755859375
2020-03-09,1314.0
2020-03-10,1339.9000244140625
2020-03-11,1262.699951171875
2020-03-12,1109.9000244140625
2020-03-13,1198.699951171875
2020-03-16,1032.4000244140625
2020-03-17,1090.5999755859375
2020-03-18,1009.2000122070312
2020-03-19,1048.0999755859375
2020-03-20,1069.239990234375
2020-03-23,998.2999877929688
2020-03-24,1099.4000244140625
2020-03-25,1097.0999755859375
2020-03-26,1166.699951171875
2020-03-27,1120.300048828125
2020-03-30,1154.4000244140625
2020-03-31,1147.5999755859375
2020-04-01,1067.5999755859375
2020-04-02,1081.699951171875
2020-04-03,1053.0
2020-04-06,1128.699951171875
2020-04-07,1125.199951171875
2020-04-08,1182.199951171875
2020-04-09,1243.5999755859375
2020-04-13,1211.5999755859375
2020-04-14,1237.0
2020-04-15,1182.9000244140625
2020-04-16,1173.9000244140625
2020-04-17,1224.300048828125
2020-04-20,1206.4000244140625
2020-04-21,1185.0999755859375
2020-04-22,1194.9000244140625
2020-04-23,1204.800048828125
2020-04-24,1224.5999755859375
2020-04-27,1277.5
2020-04-28,1301.800048828125
2020-04-29,1359.0
2020-04-30,1306.699951171875
2020-05-01,1257.9000244140625
2020-05-04,1255.9000244140625
2020-05-05,1268.0999755859375
2020-05-06,1255.300048828125
2020-05-07,1285.0
2020-05-08,1329.0
2020-05-11,1315.0999755859375
2020-05-12,1266.5
2020-05-13,1229.9000244140625
2020-05-14,1233.5999755859375
2020-05-15,1246.4000244140625
2020-05-18,1333.199951171875
2020-05-19,1307.5
2020-05-20,1344.300048828125
2020-05-21,1342.5999755859375
2020-05-22,1354.300048828125
2020-05-26,1394.300048828125
2020-05-27,1436.4000244140625
2020-05-28,1407.199951171875
2020-05-29,1392.800048828125
2020-06-01,1404.5
2020-06-02,1417.199951171875
2020-06-03,1448.800048828125
2020-06-04,1452.4000244140625
2020-06-05,1502.699951171875
2020-06-08,1537.0
2020-06-09,1508.0999755859375
2020-06-10,1466.199951171875
2020-06-11,1357.4000244140625
2020-06-12,1383.199951171875
2020-06-15,1421.5
2020-06-16,1454.5999755859375
2020-06-17,1427.9000244140625
2020-06-18,1420.800048828125
2020-06-19,1442.719970703125
2020-06-22,1433.800048828125
2020-06-23,1434.199951171875
2020-06-24,1396.4000244140625
2020-06-25,1409.800048828125
2020-06-26,1375.199951171875
2020-06-29,1423.199951171875
2020-06-30,1437.5999755859375
2020-07-01,1424.300048828125
2020-07-02,1432.699951171875
2020-07-06,1442.699951171875
2020-07-07,1410.9000244140625
2020-07-08,1423.0
2020-07-09,1394.0
2020-07-10,1419.5999755859375
2020-07-13,1400.5
2020-07-14,1419.4000244140625
2020-07-15,1476.699951171875
2020-07-16,1459.9000244140625
2020-07-17,1469.199951171875
2020-07-20,1463.699951171875
2020-07-21,1485.5999755859375
2020-07-22,1490.199951171875
2020-07-23,1487.199951171875
2020-07-24,1462.4000244140625
2020-07-27,1481.0999755859375
2020-07-28,1467.4000244140625
2020-07-29,1496.699951171875
2020-07-30,1490.5999755859375
2020-07-31,1477.800048828125
2020-08-03,1502.199951171875
2020-08-04,1514.0
2020-08-05,1542.0999755859375
2020-08-06,1544.5
2020-08-07,1566.199951171875
2020-08-10,1583.9000244140625
2020-08-11,1577.300048828125
2020-08-12,1579.699951171875
2020-08-13,1578.5
2020-08-14,1573.199951171875
2020-08-17,1583.9000244140625
2020-08-18,1569.300048828125
2020-08-19,1569.5
2020-08-20,1560.300048828125
2020-08-21,1548.5999755859375
2020-08-24,1566.5
2020-08-25,1569.5999755859375
2020-08-26,1562.4000244140625
2020-08-27,1566.0999755859375
2020-08-28,1575.699951171875
2020-08-31,1561.300048828125
2020-09-01,1578.5
2020-09-02,1592.5
2020-09-03,1549.5
2020-09-04,1531.4000244140625
2020-09-08,1507.699951171875
2020-09-09,1524.199951171875
2020-09-10,1506.0999755859375
2020-09-11,1493.0999755859375
2020-09-14,1536.0
2020-09-15,1540.300048828125
2020-09-16,1554.9000244140625
2020-09-17,1542.300048828125
2020-09-18,1557.6099853515625
2020-09-21,1482.800048828125
2020-09-22,1488.800048828125
2020-09-23,1446.699951171875
2020-09-24,1447.0
2020-09-25,1467.199951171875
2020-09-28,1506.5
2020-09-29,1507.0
2020-09-30,1504.4000244140625
2020-10-01,1527.4000244140625
2020-10-02,1534.0
2020-10-05,1576.0999755859375
2020-10-06,1574.199951171875
2020-10-07,1609.800048828125
2020-10-08,1626.699951171875
2020-10-09,1637.699951171875
2020-10-12,1650.800048828125
2020-10-13,1634.5999755859375
2020-10-14,1619.5
2020-10-15,1635.4000244140625
2020-10-16,1627.0999755859375
2020-10-19,1611.300048828125
2020-10-20,1614.800048828125
2020-10-21,1603.0999755859375
2020-10-22,1630.5999755859375
2020-10-23,1635.5999755859375
2020-10-26,1602.0999755859375
2020-10-27,1589.0
2020-10-28,1539.199951171875
2020-10-29,1558.4000244140625
2020-10-30,1536.800048828125
2020-11-02,1564.699951171875
2020-11-03,1611.0
2020-11-04,1611.5999755859375
2020-11-05,1658.5
2020-11-06,1643.0999755859375
2020-11-09,1703.0999755859375
2020-11-10,1734.199951171875
2020-11-11,1735.199951171875
2020-11-12,1707.4000244140625
2020-11-13,1743.699951171875
2020-11-16,1783.9000244140625
2020-11-17,1792.4000244140625
2020-11-18,1768.300048828125
2020-11-19,1783.0
2020-11-20,1783.300048828125
2020-11-23,1817.0999755859375
2020-11-24,1851.5
2020-11-25,1844.5999755859375
2020-11-27,1853.0
2020-11-30,1820.0999755859375
2020-12-01,1835.5
2020-12-02,1837.5
2020-12-03,1847.199951171875
2020-12-04,1891.300048828125
2020-12-07,1892.0999755859375
2020-12-08,1916.800048828125
2020-12-09,1903.5
2020-12-10,1921.199951171875
2020-12-11,1911.4000244140625
2020-12-14,1915.199951171875
2020-12-15,1960.9000244140625
2020-12-16,1954.9000244140625
2020-12-17,1978.4000244140625
2020-12-18,1986.300048828125
2020-12-21,1966.0999755859375
2020-12-22,1985.0
2020-12-23,2002.9000244140625
2020-12-24,2002.800048828125
2020-12-28,1995.0
2020-12-29,1955.5
2020-12-30,1976.5
2020-12-31,1974.800048828125
2021-01-04,1945.5
2021-01-05,1976.300048828125
2021-01-06,2059.300048828125
2021-01-07,2094.5
2021-01-08,2089.5
2021-01-11,2089.10009765625
2021-01-12,2125.800048828125
2021-01-13,2110.699951171875
2021-01-14,2153.60009765625
2021-01-15,2120.800048828125
2021-01-19,2147.300048828125
2021-01-20,2157.699951171875
2021-01-21,2138.5
2021-01-22,2164.0
2021-01-25,2161.0
2021-01-26,2145.800048828125
2021-01-27,2104.300048828125
2021-01-28,2099.800048828125
2021-01-29,2068.199951171875
2021-02-01,2119.39990234375
2021-02-02,2147.5
2021-02-03,2154.800048828125
2021-02-04,2199.39990234375
2021-02-05,2230.300048828125
2021-02-08,2285.800048828125
2021-02-09,2297.10009765625
2021-02-10,2281.0
2021-02-11,2281.199951171875
2021-02-12,2286.39990234375
2021-02-16,2270.800048828125
2021-02-17,2255.0
2021-02-18,2217.699951171875
2021-02-19,2265.300048828125
2021-02-22,2250.10009765625
2021-02-23,2231.199951171875
2021-02-24,2285.10009765625
2021-02-25,2200.0
2021-02-26,2199.199951171875
2021-03-01,2274.800048828125
2021-03-02,2229.10009765625
2021-03-03,2205.800048828125
2021-03-04,2144.5
2021-03-05,2189.699951171875
2021-03-08,2200.800048828125
2021-03-09,2245.699951171875
2021-03-10,2285.39990234375
2021-03-11,2334.699951171875
2021-03-12,2351.300048828125
2021-03-15,2358.10009765625
2021-03-16,2319.5
2021-03-17,2337.39990234375
2021-03-18,2265.60009765625
2021-03-19,2266.159912109375
2021-03-22,2261.300048828125
2021-03-23,2180.39990234375
2021-03-24,2130.199951171875
2021-03-25,2178.199951171875
2021-03-26,2218.5
2021-03-29,2155.39990234375
2021-03-30,2192.39990234375
2021-03-31,2222.5
2021-04-01,2251.89990234375
2021-04-05,2263.10009765625
2021-04-06,2256.0
2021-04-07,2219.199951171875
2021-04-08,2239.199951171875
2021-04-09,2239.199951171875
2021-04-12,2230.60009765625
2021-04-13,2224.89990234375
2021-04-14,2245.0
2021-04-15,2255.699951171875
2021-04-16,2259.0
2021-04-19,2229.300048828125
2021-04-20,2184.0
2021-04-21,2238.39990234375
2021-04-22,2228.300048828125
2021-04-23,2269.5
2021-04-26,2293.199951171875
2021-04-27,2297.199951171875
2021-04-28,2300.89990234375
2021-04-29,2293.39990234375
2021-04-30,2261.5
2021-05-03,2273.699951171875
2021-05-04,2244.5
2021-05-05,2236.60009765625
2021-05-06,2239.89990234375
2021-05-07,2267.89990234375
2021-05-10,2209.60009765625
2021-05-11,2203.300048828125
2021-05-12,2131.5
2021-05-13,2168.60009765625
2021-05-14,2222.699951171875
2021-05-17,2225.5
2021-05-18,2207.89990234375
2021-05-19,2192.199951171875
2021-05-20,2205.699951171875
2021-05-21,2212.300048828125
2021-05-24,2226.10009765625
2021-05-25,2205.5
2021-05-26,2247.10009765625
2021-05-27,2271.0
2021-05-28,2268.60009765625
2021-06-01,2293.89990234375
2021-06-02,2297.0
2021-06-03,2277.199951171875
2021-06-04,2286.699951171875
2021-06-07,2317.39990234375
2021-06-08,2341.699951171875
2021-06-09,2326.0
2021-06-10,2309.10009765625
2021-06-11,2333.89990234375
2021-06-14,2326.89990234375
2021-06-15,2320.300048828125
2021-06-16,2314.5
2021-06-17,2288.800048828125
2021-06-18,2259.469970703125
2021-06-21,2280.89990234375
2021-06-22,2292.5
2021-06-23,2300.300048828125
2021-06-24,2331.199951171875
2021-06-25,2332.0
2021-06-28,2316.199951171875
2021-06-29,2304.60009765625
2021-06-30,2307.800048828125
2021-07-01,2327.0
2021-07-02,2302.0
2021-07-06,2269.89990234375
2021-07-07,2248.800048828125
2021-07-08,2227.300048828125
2021-07-09,2275.39990234375
2021-07-12,2277.300048828125
2021-07-13,2234.199951171875
2021-07-14,2199.300048828125
2021-07-15,2186.800048828125
2021-07-16,2158.89990234375
2021-07-19,2126.89990234375
2021-07-20,2192.0
2021-07-21,2231.300048828125
2021-07-22,2194.800048828125
2021-07-23,2205.10009765625
2021-07-26,2213.39990234375
2021-07-27,2186.699951171875
2021-07-28,2220.699951171875
2021-07-29,2237.5
2021-07-30,2221.60009765625
2021-08-02,2210.89990234375
2021-08-03,2219.39990234375
2021-08-04,2191.699951171875
2021-08-05,2232.699951171875
2021-08-06,2245.89990234375
2021-08-09,2232.699951171875
2021-08-10,2237.800048828125
2021-08-11,2248.699951171875
2021-08-12,2242.5
2021-08-13,2222.199951171875
2021-08-16,2201.39990234375
2021-08-17,2174.39990234375
2021-08-18,2155.0
2021-08-19,2129.10009765625
2021-08-20,2165.300048828125
2021-08-23,2206.60009765625
2021-08-24,2228.10009765625
2021-08-25,2237.300048828125
2021-08-26,2213.89990234375
2021-08-27,2275.300048828125
2021-08-30,2266.60009765625
2021-08-31,2271.199951171875
2021-09-01,2286.60009765625
2021-09-02,2301.10009765625
2021-09-03,2290.89990234375
2021-09-07,2275.39990234375
2021-09-08,2250.10009765625
2021-09-09,2250.699951171875
2021-09-10,2227.800048828125
2021-09-13,2241.10009765625
2021-09-14,2211.39990234375
2021-09-15,2235.0
2021-09-16,2233.199951171875
2021-09-17,2241.0400390625
2021-09-20,2176.800048828125
2021-09-21,2180.89990234375
2021-09-22,2214.89990234375
2021-09-23,2255.199951171875
2021-09-24,2244.0
2021-09-27,2277.0
2021-09-28,2226.0
2021-09-29,2221.89990234375
2021-09-30,2200.800048828125
2021-10-01,2235.60009765625
2021-10-04,2214.800048828125
2021-10-05,2223.5
2021-10-06,2212.199951171875
2021-10-07,2247.0
2021-10-08,2229.10009765625
2021-10-11,2216.5
2021-10-12,2229.300048828125
2021-10-13,2238.5
2021-10-14,2272.10009765625
2021-10-15,2265.0
2021-10-18,2264.699951171875
2021-10-19,2272.800048828125
2021-10-20,2287.5
2021-10-21,2294.10009765625
2021-10-22,2288.800048828125
2021-10-25,2310.300048828125
2021-10-26,2293.89990234375
2021-10-27,2249.5
2021-10-28,2295.10009765625
2021-10-29,2295.300048828125
2021-11-01,2354.300048828125
2021-11-02,2359.39990234375
2021-11-03,2401.10009765625
2021-11-04,2400.800048828125
2021-11-05,2434.300048828125
2021-11-08,2441.800048828125
2021-11-09,2426.800048828125
2021-11-10,2389.300048828125
2021-11-11,2408.10009765625
2021-11-12,2410.300048828125
2021-11-15,2401.0
2021-11-16,2404.800048828125
2021-11-17,2374.199951171875
2021-11-18,2364.199951171875
2021-11-19,2342.699951171875
2021-11-22,2332.199951171875
2021-11-23,2329.300048828125
2021-11-24,2331.0
2021-11-26,2243.300048828125
2021-11-29,2240.199951171875
2021-11-30,2197.300048828125
2021-12-01,2146.300048828125
2021-12-02,2205.199951171875
2021-12-03,2159.300048828125
2021-12-06,2203.60009765625
2021-12-07,2253.89990234375
2021-12-08,2269.800048828125
2021-12-09,2218.39990234375
2021-12-10,2212.39990234375
2021-12-13,2180.0
2021-12-14,2161.300048828125
2021-12-15,2198.10009765625
2021-12-16,2151.89990234375
2021-12-17,2142.429931640625
2021-12-20,2135.89990234375
2021-12-21,2199.699951171875
2021-12-22,2219.300048828125
2021-12-23,2236.89990234375
2021-12-27,2259.60009765625
2021-12-28,2243.800048828125
2021-12-29,2247.800048828125
2021-12-30,2246.89990234375
2021-12-31,2242.800048828125
2022-01-03,2269.39990234375
2022-01-04,2266.5
2022-01-05,2190.60009765625
2022-01-06,2202.699951171875
2022-01-07,2175.89990234375
2022-01-10,2168.0
2022-01-11,2190.39990234375
2022-01-12,2173.10009765625
2022-01-13,2155.5
2022-01-14,2157.699951171875
2022-01-18,2092.10009765625
2022-01-19,2059.199951171875
2022-01-20,2021.199951171875
2022-01-21,1985.4000244140625
2022-01-24,2031.699951171875
2022-01-25,2001.300048828125
2022-01-26,1972.699951171875
2022-01-27,1928.300048828125
2022-01-28,1965.5999755859375
2022-01-31,2024.4000244140625
2022-02-01,2045.9000244140625
2022-02-02,2025.0
2022-02-03,1986.4000244140625
2022-02-04,1996.9000244140625
2022-02-07,2007.300048828125
2022-02-08,2040.800048828125
2022-02-09,2079.10009765625
2022-02-10,2048.5
2022-02-11,2025.699951171875
2022-02-14,2019.4000244140625
2022-02-15,2074.0
2022-02-16,2077.5
2022-02-17,2025.5
2022-02-18,2006.5999755859375
2022-02-22,1979.199951171875
2022-02-23,1941.0999755859375
2022-02-24,1993.5
2022-02-25,2039.0
2022-02-28,2044.5
2022-03-01,2006.699951171875
2022-03-02,2056.10009765625
2022-03-03,2030.5999755859375
2022-03-04,1999.800048828125
2022-03-07,1950.5
2022-03-08,1960.300048828125
2022-03-09,2014.300048828125
2022-03-10,2010.9000244140625
2022-03-11,1978.300048828125
2022-03-14,1941.5
2022-03-15,1969.0999755859375
2022-03-16,2032.4000244140625
2022-03-17,2064.800048828125
2022-03-18,2062.68994140625
2022-03-21,2062.800048828125
2022-03-22,2082.300048828125
2022-03-23,2047.4000244140625
2022-03-24,2070.800048828125
2022-03-25,2075.199951171875
2022-03-28,2074.800048828125
2022-03-29,2131.300048828125
2022-03-30,2088.5
2022-03-31,2066.39990234375
2022-04-01,2088.300048828125
2022-04-04,2094.60009765625
2022-04-05,2042.9000244140625
2022-04-06,2014.0999755859375
2022-04-07,2006.0
2022-04-08,1991.0999755859375
2022-04-11,1977.5
2022-04-12,1984.800048828125
2022-04-13,2022.4000244140625
2022-04-14,2001.5
2022-04-18,1987.699951171875
2022-04-19,2028.5
2022-04-20,2036.699951171875
2022-04-21,1988.9000244140625
2022-04-22,1938.699951171875
2022-04-25,1950.5999755859375
2022-04-26,1889.199951171875
2022-04-27,1881.0999755859375
2022-04-28,1914.9000244140625
2022-04-29,1861.300048828125
2022-05-02,1879.800048828125
2022-05-03,1895.4000244140625
2022-05-04,1947.199951171875
2022-05-05,1868.0999755859375
2022-05-06,1836.5999755859375
2022-05-09,1760.4000244140625
2022-05-10,1759.9000244140625
2022-05-11,1715.699951171875
2022-05-12,1737.5
2022-05-13,1789.5
2022-05-16,1782.4000244140625
2022-05-17,1837.199951171875
2022-05-18,1772.800048828125
2022-05-19,1774.9000244140625
2022-05-20,1772.199951171875
2022-05-23,1791.800048828125
2022-05-24,1764.4000244140625
2022-05-25,1796.800048828125
2022-05-26,1836.300048828125
2022-05-27,1885.800048828125
2022-05-31,1861.9000244140625
2022-06-01,1853.0
2022-06-02,1896.9000244140625
2022-06-03,1881.300048828125
2022-06-06,1888.699951171875
2022-06-07,1918.5999755859375
2022-06-08,1889.5
2022-06-09,1850.699951171875
2022-06-10,1800.5999755859375
2022-06-13,1715.4000244140625
2022-06-14,1708.4000244140625
2022-06-15,1732.300048828125
2022-06-16,1652.0
2022-06-17,1664.1099853515625
2022-06-21,1693.4000244140625
2022-06-22,1691.4000244140625
2022-06-23,1711.800048828125
2022-06-24,1761.699951171875
2022-06-27,1769.800048828125
2022-06-28,1738.300048828125
2022-06-29,1721.4000244140625
2022-06-30,1708.0
2022-07-01,1728.5
2022-07-05,1741.699951171875
2022-07-06,1728.5999755859375
2022-07-07,1770.199951171875
2022-07-08,1769.4000244140625
2022-07-11,1732.800048828125
2022-07-12,1728.699951171875
2022-07-13,1727.4000244140625
2022-07-14,1709.4000244140625
2022-07-15,1744.5
2022-07-18,1738.800048828125
2022-07-19,1800.800048828125
2022-07-20,1828.4000244140625
2022-07-21,1837.699951171875
2022-07-22,1808.4000244140625
2022-07-25,1817.4000244140625
2022-07-26,1805.800048828125
2022-07-27,1847.699951171875
2022-07-28,1872.800048828125
2022-07-29,1885.300048828125
2022-08-01,1885.4000244140625
2022-08-02,1883.0
2022-08-03,1910.699951171875
2022-08-04,1907.800048828125
2022-08-05,1921.800048828125
2022-08-08,1941.0999755859375
2022-08-09,1914.5999755859375
2022-08-10,1969.5
2022-08-11,1976.300048828125
2022-08-12,2016.9000244140625
2022-08-15,2023.800048828125
2022-08-16,2023.300048828125
2022-08-17,1989.0999755859375
2022-08-18,2001.699951171875
2022-08-19,1959.0999755859375
2022-08-22,1917.5
2022-08-23,1920.5999755859375
2022-08-24,1935.199951171875
2022-08-25,1964.9000244140625
2022-08-26,1899.300048828125
2022-08-29,1882.699951171875
2022-08-30,1856.300048828125
2022-08-31,1844.5999755859375
2022-09-01,1824.199951171875
2022-09-02,1809.300048828125
2022-09-06,1792.5999755859375
2022-09-07,1830.5999755859375
2022-09-08,1845.699951171875
2022-09-09,1882.9000244140625
2022-09-12,1906.5
2022-09-13,1830.5999755859375
2022-09-14,1839.5
2022-09-15,1824.300048828125
2022-09-16,1804.5799560546875
2022-09-19,1819.9000244140625
2022-09-20,1795.0999755859375
2022-09-21,1768.0999755859375
2022-09-22,1727.800048828125
2022-09-23,1686.0999755859375
2022-09-26,1662.5
2022-09-27,1668.4000244140625
2022-09-28,1720.800048828125
2022-09-29,1682.0999755859375
2022-09-30,1669.800048828125
2022-10-03,1714.9000244140625
2022-10-04,1781.5
2022-10-05,1768.0
2022-10-06,1758.0999755859375
2022-10-07,1706.699951171875
2022-10-10,1696.699951171875
2022-10-11,1696.9000244140625
2022-10-12,1692.699951171875
2022-10-13,1734.800048828125
2022-10-14,1688.300048828125
2022-10-17,1742.0
2022-10-18,1761.9000244140625
2022-10-19,1732.300048828125
2022-10-20,1709.4000244140625
2022-10-21,1746.9000244140625
2022-10-24,1754.199951171875
2022-10-25,1800.5999755859375
2022-10-26,1809.9000244140625
2022-10-27,1810.199951171875
2022-10-28,1851.5999755859375
2022-10-31,1853.0
2022-11-01,1856.5999755859375
2022-11-02,1793.300048828125
2022-11-03,1782.699951171875
2022-11-04,1804.699951171875
2022-11-07,1813.9000244140625
2022-11-08,1813.199951171875
2022-11-09,1763.4000244140625
2022-11-10,1870.4000244140625
2022-11-11,1886.800048828125
2022-11-14,1866.0
2022-11-15,1893.4000244140625
2022-11-16,1857.9000244140625
2022-11-17,1842.5999755859375
2022-11-18,1853.199951171875
2022-11-21,1843.199951171875
2022-11-22,1863.800048828125
2022-11-23,1866.4000244140625
2022-11-25,1870.199951171875
2022-11-28,1832.800048828125
2022-11-29,1837.800048828125
2022-11-30,1887.5
2022-12-01,1883.699951171875
2022-12-02,1894.4000244140625
2022-12-05,1841.9000244140625
2022-12-06,1814.0999755859375
2022-12-07,1808.0
2022-12-08,1819.699951171875
2022-12-09,1797.199951171875
2022-12-12,1819.9000244140625
2022-12-13,1834.0999755859375
2022-12-14,1821.5
2022-12-15,1775.0999755859375
2022-12-16,1752.4100341796875
2022-12-19,1749.5
2022-12-20,1758.5999755859375
2022-12-21,1787.9000244140625
2022-12-22,1765.0
2022-12-23,1772.5999755859375
2022-12-27,1760.800048828125
2022-12-28,1733.199951171875
2022-12-29,1777.0999755859375
2022-12-30,1770.9000244140625
2023-01-03,1760.0
2023-01-04,1783.0999755859375
2023-01-05,1762.4000244140625
2023-01-06,1803.4000244140625
2023-01-09,1805.9000244140625
2023-01-10,1832.199951171875
2023-01-11,1855.199951171875
2023-01-12,1885.800048828125
2023-01-13,1898.0999755859375
2023-01-17,1894.9000244140625
2023-01-18,1864.0
2023-01-19,1845.199951171875
2023-01-20,1876.0
2023-01-23,1899.0
2023-01-24,1894.800048828125
2023-01-25,1899.5
2023-01-26,1910.5
2023-01-27,1919.5
2023-01-30,1893.5
2023-01-31,1939.4000244140625
2023-02-01,1968.4000244140625
2023-02-02,2007.9000244140625
2023-02-03,1993.5
2023-02-06,1965.0999755859375
2023-02-07,1979.300048828125
2023-02-08,1949.9000244140625
2023-02-09,1920.9000244140625
2023-02-10,1924.4000244140625
2023-02-13,1947.0999755859375
2023-02-14,1946.0999755859375
2023-02-15,1965.5
2023-02-16,1945.300048828125
2023-02-17,1950.699951171875
2023-02-21,1892.699951171875
2023-02-22,1898.300048828125
2023-02-23,1910.9000244140625
2023-02-24,1891.5999755859375
2023-02-27,1898.9000244140625
2023-02-28,1899.0999755859375
2023-03-01,1899.800048828125
2023-03-02,1904.199951171875
2023-03-03,1930.800048828125
2023-03-06,1902.199951171875
2023-03-07,1879.800048828125
2023-03-08,1880.300048828125
2023-03-09,1827.199951171875
2023-03-10,1772.699951171875
2023-03-13,1745.0999755859375
2023-03-14,1779.0999755859375
2023-03-15,1747.800048828125
2023-03-16,1771.5
2023-03-17,1759.010009765625
2023-03-20,1760.699951171875
2023-03-21,1793.300048828125
2023-03-22,1741.0
2023-03-23,1732.5
2023-03-24,1747.699951171875
2023-03-27,1767.300048828125
2023-03-28,1764.800048828125
2023-03-29,1784.300048828125
2023-03-30,1780.0999755859375
2023-03-31,1813.5
2023-04-03,1814.199951171875
2023-04-04,1780.9000244140625
2023-04-05,1763.699951171875
2023-04-06,1766.800048828125
2023-04-10,1785.5999755859375
2023-04-11,1798.300048828125
2023-04-12,1784.9000244140625
2023-04-13,1808.699951171875
2023-04-14,1791.699951171875
2023-04-17,1814.199951171875
2023-04-18,1806.0
2023-04-19,1809.9000244140625
2023-04-20,1798.199951171875
2023-04-21,1801.4000244140625
2023-04-24,1799.5
2023-04-25,1754.800048828125
2023-04-26,1737.800048828125
2023-04-27,1760.0999755859375
2023-04-28,1774.800048828125
2023-05-01,1776.4000244140625
2023-05-02,1737.9000244140625
2023-05-03,1745.0
2023-05-04,1724.0
2023-05-05,1765.4000244140625
2023-05-08,1761.0
2023-05-09,1755.0999755859375
2023-05-10,1764.9000244140625
2023-05-11,1749.699951171875
2023-05-12,1746.5
2023-05-15,1767.5
2023-05-16,1740.9000244140625
2023-05-17,1781.0
2023-05-18,1791.0999755859375
2023-05-19,1779.199951171875
2023-05-22,1800.9000244140625
2023-05-23,1793.0999755859375
2023-05-24,1772.0
2023-05-25,1758.699951171875
2023-05-26,1777.300048828125
2023-05-30,1771.199951171875
2023-05-31,1751.800048828125
2023-06-01,1771.0
2023-06-02,1834.5999755859375
2023-06-05,1809.5999755859375
2023-06-06,1858.0999755859375
2023-06-07,1892.4000244140625
2023-06-08,1883.300048828125
2023-06-09,1868.4000244140625
2023-06-12,1876.699951171875
2023-06-13,1898.199951171875
2023-06-14,1876.9000244140625
2023-06-15,1890.5999755859375
2023-06-16,1909.0999755859375
2023-06-20,1885.4000244140625
2023-06-21,1880.5
2023-06-22,1865.300048828125
2023-06-23,1834.5999755859375
2023-06-26,1838.4000244140625
2023-06-27,1865.699951171875
2023-06-28,1874.0
2023-06-29,1898.0999755859375
2023-06-30,1903.699951171875
2023-07-03,1911.0999755859375
2023-07-05,1888.0
2023-07-06,1856.300048828125
2023-07-07,1878.0
2023-07-10,1909.5999755859375
2023-07-11,1927.800048828125
2023-07-12,1948.5
2023-07-13,1963.9000244140625
2023-07-14,1944.199951171875
2023-07-17,1965.300048828125
2023-07-18,1989.9000244140625
2023-07-19,1997.300048828125
2023-07-20,1980.0999755859375
2023-07-21,1971.699951171875
2023-07-24,1976.9000244140625
2023-07-25,1977.199951171875
2023-07-26,1991.9000244140625
2023-07-27,1966.199951171875
2023-07-28,1991.0
2023-07-31,2013.5999755859375
2023-08-01,2004.0
2023-08-02,1976.5999755859375
2023-08-03,1970.800048828125
2023-08-04,1965.5
2023-08-07,1967.5
2023-08-08,1955.0999755859375
2023-08-09,1938.0999755859375
2023-08-10,1928.5
2023-08-11,1931.199951171875
2023-08-14,1928.0999755859375
2023-08-15,1902.4000244140625
2023-08-16,1878.5999755859375
2023-08-17,1856.199951171875
2023-08-18,1865.0
2023-08-21,1861.5999755859375
2023-08-22,1856.5999755859375
2023-08-23,1875.199951171875
2023-08-24,1850.300048828125
2023-08-25,1857.4000244140625
2023-08-28,1873.300048828125
2023-08-29,1898.800048828125
2023-08-30,1906.5999755859375
2023-08-31,1901.5999755859375
2023-09-01,1922.699951171875
2023-09-05,1883.0999755859375
2023-09-06,1876.5
2023-09-07,1857.800048828125
2023-09-08,1853.4000244140625
2023-09-11,1857.300048828125
2023-09-12,1854.9000244140625
2023-09-13,1842.199951171875
2023-09-14,1867.9000244140625
2023-09-15,1861.06005859375
2023-09-18,1853.199951171875
2023-09-19,1845.5999755859375
2023-09-20,1826.300048828125
2023-09-21,1797.9000244140625
2023-09-22,1792.699951171875
2023-09-25,1800.9000244140625
2023-09-26,1777.9000244140625
2023-09-27,1793.0
2023-09-28,1809.0999755859375
2023-09-29,1798.5999755859375
2023-10-02,1771.4000244140625
2023-10-03,1741.9000244140625
2023-10-04,1743.0
2023-10-05,1743.5999755859375
2023-10-06,1759.699951171875
2023-10-09,1770.300048828125
2023-10-10,1790.0
2023-10-11,1786.0
2023-10-12,1746.199951171875
2023-10-13,1729.9000244140625
2023-10-16,1758.0
2023-10-17,1778.0999755859375
2023-10-18,1740.199951171875
2023-10-19,1712.699951171875
2023-10-20,1689.800048828125
2023-10-23,1676.0999755859375
2023-10-24,1688.9000244140625
2023-10-25,1660.9000244140625
2023-10-26,1664.5
2023-10-27,1645.0999755859375
2023-10-30,1653.5999755859375
2023-10-31,1668.4000244140625
2023-11-01,1676.4000244140625
2023-11-02,1720.699951171875
2023-11-03,1767.699951171875
2023-11-06,1745.5999755859375
2023-11-07,1740.0999755859375
2023-11-08,1720.199951171875
2023-11-09,1692.9000244140625
2023-11-10,1711.5
2023-11-13,1711.5
2023-11-14,1805.199951171875
2023-11-15,1808.5
2023-11-16,1779.4000244140625
2023-11-17,1802.4000244140625
2023-11-20,1812.0999755859375
2023-11-21,1788.699951171875
2023-11-22,1798.9000244140625
2023-11-23,1797.4000244140625
2023-11-24,1811.0
2023-11-27,1804.199951171875
2023-11-28,1797.0
2023-11-29,1805.800048828125
2023-11-30,1812.199951171875
2023-12-01,1865.699951171875
2023-12-04,1884.9000244140625
2023-12-05,1859.800048828125
2023-12-06,1854.800048828125
2023-12-07,1869.699951171875
2023-12-08,1882.0999755859375
2023-12-11,1886.0999755859375
2023-12-12,1884.0
2023-12-13,1950.4000244140625
2023-12-14,2001.699951171875
2023-12-15,2009.3299560546875
2023-12-18,2005.5999755859375
2023-12-19,2044.800048828125
2023-12-20,2003.5999755859375
2023-12-21,2039.199951171875
2023-12-22,2056.39990234375
2023-12-26,2082.10009765625
2023-12-27,2089.10009765625
2023-12-28,2079.300048828125
2023-12-29,2047.699951171875
